project_name,state,Latitude,Longitude,catchment_area_sq_km,catchment_outlet_lat,catchment_outlet_lon,commissioning_year,starting_year,installed_cap,dam_height,initial_cost,final_cost,planned_dur,actual_dur,seismic_zone,forest_area_div,dist_road,contract type,contract retendered,tunnel length,elevation,damlength,category,transmission line length cktkm,landowner_displaced,funder,glof_risk,source,catchment_source,PRCPTOT_mean,PRCPTOT_max,RX1day_mean,RX1day_max,RX5day_mean,RX5day_max,R10mm_mean,R10mm_max,R20mm_mean,R20mm_max,R25mm_mean,R25mm_max,R30mm_mean,R30mm_total,R100mm_mean,R100mm_total,CDD_mean,CDD_max,CWD_mean,CWD_max,R95p_mean,R95p_max,R99p_mean,R99p_max,SDII
alain duhangan,himachal,32.2215,77.2245,363,32.2215,77.2245,2010,2003,192.0,14.5,1019.447028,2000*,4.0,7.0,V,32.17,0.1,EPC,NO,8533,2700,,large,176.5,0,IFC+ADHP,Medium/High (Elevation > 1500m),"IFC,MOP,ADHL",ADB-46919/IFC project docs (Allain+Duhangan catchments),1379.5418510288,1879.0305794477463,100.00072765350342,134.04820251464844,173.18915045261383,234.21574020385742,42.25,56.0,18.375,29.0,13.375,22.0,9.625,77.0,0.625,5.0,43.75,82.0,17.25,30.0,201.64541578292847,469.96893310546875,77.97125720977783,247.34442901611328,11.412962573144156
baira siul,himachal,32.8063,76.1418,2020,32.8063,76.1418,1981,1970,180.0,53,53.75417727,148,4.0,11.5,V,,0.3*,IR,YES,7630,1113,160,large,96,0,CG+NHPC,Low/Unknown,"PIB,https://www.cwejournal.org/vol17no1/ecological-consequences-of-hydropower-development-in-himachal-pradesh-with-special-reference-to-chamera-dam,IMD,NCS,ijrar","NHPC/CWE Journal (Baira+Siul+Bhaledh combined basins, Ravi trib.)",1652.9536221126716,2282.3899788856506,94.60265890757243,172.517333984375,221.83378082265457,409.10061264038086,52.666666666666664,78.0,24.75,38.0,18.166666666666668,28.0,14.083333333333334,169.0,0.4166666666666667,5.0,36.833333333333336,91.0,21.75,45.0,620.3266016642252,975.639575958252,211.94245020548502,385.51951599121094,12.981311168424122
nathpa jhakri,himachal,31.5658,77.9814,49820,31.5658,77.9814,2004,1993,1500.0,62.5,2038.380306,8187,5.0,11.0,IV,117.995,0.2,IR,NO-LD,27400,518.16,185*,mega,224*,480,WB,High (History/Prone),SJVN,SJVN DPR via IHA/hydropower.org (total Sutlej above Nathpa),1087.3548070391018,1356.800490617752,51.20109748840332,87.02849578857422,122.80571919322635,210.31714630126953,30.75,46.0,8.0,13.0,4.333333333333333,8.0,2.8333333333333335,34.0,0.0,0.0,44.5,79.0,45.083333333333336,86.0,236.03907934824625,416.24110412597656,83.90239556630452,198.87804412841797,6.743285625048694
bhakra,himachal,31.4111,76.4356,56980,31.4111,76.4356,1963,1948,1415.0,225.55,,245.28,,15.0,IV,,0,IR,NO,,344.4,518.16,mega,3751,11000,SG,Low/Unknown,https://bbmb.gov.in/index-hi.htm ; https://cea.nic.in/wp-content/uploads/pdm/2022/03/Bhakra_Left_Bank_HPS_U_3_Upration.pdf,BBMB/CWC (Sutlej above Bhakra — Grokipedia citing BBMB),1088.321016083161,1473.725796341896,55.22081502278646,133.16578674316406,154.41449304421744,362.2357368469238,35.75,45.0,11.25,18.0,5.666666666666667,9.0,3.0,36.0,0.16666666666666666,2.0,55.0,107.0,47.083333333333336,90.0,287.5406490961711,639.1265182495117,107.60221258799235,437.2802085876465,7.900697031456705
karcham wangtoo,himachal,31.5012,78.0178,48755,31.5012,78.0178,2011,2005,1091.0,98,3784.0,,6.0,6.0,IV,503,0,EPC,NO,17200,1813,177,mega,35.22,6,PSC,High (History/Prone),https://www.researchgate.net/publication/272821005_Environmental_and_social_impact_of_Karcham-Wangtoo_hydropower_project_in_the_Kinnaur_district_of_Himachal_Pradesh_a_retrospective_analysis ; https://www.jswenergy.in/businesses/power-generation/karcham-wangtoo-hydro-plant/ ; https://www.jppowerventures.com/wp-content/uploads/2013/10/VOL-I.pdf ; https://www.mobt3ath.com/uplode/book/book-99499.pdf ;,"JSW Energy COO Sharad Mahendra, public statement reported by The Tribune (Oct 15, 2018) — ""project catchment area is 48,755 sq km (79.5% snow area)""",1108.157923068319,1384.5955505371094,44.72402272905622,59.979339599609375,113.99572604043144,148.99498462677002,34.285714285714285,46.0,9.285714285714286,16.0,6.142857142857143,11.0,4.428571428571429,31.0,0.0,0.0,35.42857142857143,71.0,37.857142857142854,98.0,265.51373400006975,481.1490955352783,83.27582332066127,227.0337142944336,7.1494059552794775
koldam,himachal,31.3975,76.8614,53000,31.3975,76.8614,2015,2004,800.0,167,6229.680248,,6.8,11.0,V,44.859,18,IR,YES,1830,,474,mega,480,482,NTPC,Low/Unknown,https://archive.pib.gov.in/release02/lyr2002/rjul2002/02072002/r020720024.html ; https://www.researchgate.net/publication/289659782_Monitoring_of_Earth_and_Rock-Fill_Dam_of_Koldam_HEPP_during_First_Step_of_Initial_Impounding ; https://forestsclearance.nic.in/writereaddata/AdditionalInformation/AddInfoSought/2014_5_511221245121318482014FCFACSHEET.pdf,NTPC DPR / aguidetohimachal.com citing NTPC (Sutlej above Koldam),1023.3417764604092,1255.061397433281,41.718241691589355,60.28264617919922,109.28072426716487,142.7985544204712,33.916666666666664,41.0,9.833333333333334,16.0,4.916666666666667,8.0,3.0,36.0,0.0,0.0,46.0,94.0,35.416666666666664,90.0,223.45271158218384,373.37804794311523,45.26869487762451,142.11626434326172,7.433475373804425
parbati II,himachal,31.8422,77.3458,834,31.8422,77.3458,2024,2001,800.0,83.7,,13600,,23.0,V,87.795,,IR,,31557,,110,mega,,400,CG ,Low/Unknown,"https://www.nhpcindia.com/assests/pzi_public/gallery/1672224798.pdf ; https://www.greentribunal.gov.in/sites/default/files/news_updates/Counter%20Affidavit%20on%20behalf%20of%20R%207%20MoEF%20CC%20in%20OA%20No%2098%20of%202026%20Chandresh%20Kumar%20Vs%20State%20of%20HP%20and%20Ors.pdf ; 
https://www.nhpcindia.com/assests/pzi_public/gallery/17797927680hi.pdf ; IMD","NHPC — Parbati basin ~1,149 km² total; dam at Pulga catches ~834 km²",995.7223166773716,1450.9011554718018,62.661797205607094,113.09204864501952,117.11989599776764,270.5286695212126,31.916666666666668,47.0,13.0,23.0,8.791666666666666,18.0,5.625,135.0,0.08333333333333333,2.0,48.041666666666664,100.0,10.166666666666666,17.0,240.3581202030182,639.7954730987549,61.93066533406576,329.51268005371094,9.58193087420085
parbati III,himachal,31.8317,77.2581,807,31.8317,77.2581,2014,2005,520.0,43,2659.583909,2711,5.0,8.6,IV/V,91.24,,IR,YES,7875,325,229,mega,3.5*,174,PSU,Low/Unknown,; https://www.nhpcindia.com/welcome/project_detail/34/2.html ; https://www.hppcl.in/WriteReadData/userfiles/file/environment-policy/2009_12_Summary_EIA.pdf ; https://www.nhpcindia.com/assests/pzi_public/gallery/16889644280hi.pdf ; https://uppcl.org/uppcl-pdf/PPA-PARBATI_070919.pdf ;  https://www.nhpcindia.com/assests/pzi_public/gallery/17210259780.pdf ;  https://phedwater.rajasthan.gov.in/content/dam/doitassets/water/Ground%20Water/Pdf/PublicReports/Groundwater_Atlas/Basinwise/Parbati%20River%20Basin.pdf ; https://nsearchives.nseindia.com/corporate/IDBITSL_13062025163535_VR_NHPC_merged.pdf ;https://www.slideshare.net/slideshow/powerful-parbati/22966570#12 ;https://www.researchgate.net/publication/327982647_Local_area_Development_through_Hydropower_Project_a_case_study_of_Parbati_Hydro-electric_Project_Stage-III520MW_in_Kullu_district_of_Himachal_PradeshIndia ; ,NHPC — Parbati basin upstream of Parbati-III diversion,1139.8083110451698,1479.5429499149323,64.72975654602051,104.62220001220705,138.24218041002752,213.46718174219131,36.8,49.0,15.5,24.0,10.1,19.0,7.3,73.0,0.1,1.0,47.7,82.0,12.3,19.0,280.1241943359375,665.0184211730957,69.99009780883789,243.32608032226562,10.305680931692313
chamera I,himachal,32.5936,75.9961,472,32.5936,75.9961,1994,1984,540.0,140,954.666405,2114,6.0,10.0,V,110*,100,bilateral,NO,6414,1000,785,mega,100,433,GE,Low/Unknown,"National Hydroelectric Power Corpn. Ltd., Faridabad v. Punjab State Electricity Board, Patiala ; https://www.scribd.com/document/802890268/INDOROCK2014RockBehaviourinaLargeCavern-Chamera-I#google_vignette ; https://www.nhpcindia.com/welcome/project_detail/18/2.html",Wikipedia/Wikiwand citing NHPC DPR (Ravi above Chamera I dam),1327.2337838086214,2262.0167820453644,72.48467809503728,123.2285614013672,184.9295835386623,468.13219451904297,42.0,62.0,17.454545454545453,33.0,11.818181818181818,26.0,8.909090909090908,98.0,0.36363636363636365,4.0,40.0,62.0,19.454545454545453,39.0,327.88876377452505,1049.1850929260254,109.10639260031961,552.8676910400391,10.927823070280565
chamera II,himachal,32.5225,76.2414,2596,32.5225,76.2414,2004,2000,300.0,43,1909.595879,2708,4.5,4.08,V,78.8,0,EPC,NO,7830,1162,118.5,large,4,157,CG+NHPC,Low/Unknown,"Central Electricity Regulatory Commission ; https://cea.nic.in/wp-content/uploads/2020/04/rfd_1516.pdf ;  https://cercind.gov.in/2010/ORDER/Sept10/signed_order_in_Pet_No._57-2010.pdf ; https://www.nhpcindia.com/welcome/project_detail/22/index.php.html ; https://forestsclearance.nic.in/writereaddata/Addinfo/0_0_1117121212151JointIns.pdf ; National Hydroelectric Power Corporation Ltd. v. Punjab State Electricity Board
Central Electricity Regulatory Commission
Aug 14, 2003;","CBIP (Central Board of Irrigation & Power, Govt of India) technical paper ""A Case Study of Chamera Stage-II & III"" — official catchment at Chamera-II dam site on Ravi River",745.8013841152191,890.8238536119461,34.46871376037598,36.11878967285156,92.34913120269775,113.57461357116699,22.0,28.0,6.6,12.0,3.8,9.0,2.2,11.0,0.0,0.0,63.2,98.0,17.0,29.0,0.0,0.0,0.0,0.0,6.867416059992809
chamera III,himachal,32.4411,76.4258,2203,32.4411,76.4258,2012,2005,231.0,64,1520.967,2109,5.0,7.0,V,98.9814,,EPC,YES,15970,,73,large,6.6,384,CG+NHPC,Low/Unknown,https://www.nhpcindia.com/welcome/project_detail/29/index.php.html ; https://hpforest.gov.in/storage/files/1/pdf/CAMPA/CAT%20Plan/CAT%20Plan%20Chamera%20Stage-III%20HEP_compressed.pdf ; https://www.nhpcindia.com/assests/pzi_public/gallery/17562827940.pdf ;  https://cercind.gov.in/2026/Orders/46-GT-2025.pdf ;  https://cea.nic.in/wp-content/uploads/hpm/2021/11/QPR_106_9th_NOV_.pdf ; https://www.nhpcindia.com/assests/pzi_public/gallery/16908878370.pdf;,"CBIP (Central Board of Irrigation & Power, Govt of India) technical paper ""A Case Study of Chamera Stage-II & III"" — official catchment at Chamera-III dam site, 24km upstream of Chamera-II",1799.5665039271116,2597.1222709417343,96.17466878890991,159.6650848388672,196.97775791212916,318.7422409057617,51.875,72.0,29.375,42.0,22.375,35.0,17.875,143.0,0.375,3.0,44.375,80.0,16.125,30.0,448.08005237579346,966.0466728210449,133.04278755187988,450.92101287841797,15.138309181300624
bajoli holi,himachal,32.4272,76.6025,199,32.4272,76.6025,2022,2013,180.0,0,1891.270656,2110,5.0,9.0,V,75.23,7,BOOT,NO,15580,1707,,large,35,300,GMR,Medium/High (Elevation > 1500m),https://herc.gov.in/WriteReadData/Orders/O20210429a.pdf ; https://forestsclearance.nic.in/writereaddata/AdditionalInformation/AddInfoSought/0_0_211261224121318-43-2011-FC.pdf ;  https://hpforest.gov.in/storage/files/1/pdf/CAMPA/CAT%20Plan/Bajoli-Holi.pdf ; https://www.scribd.com/document/128816802/Bajoli-Holi#google_vignette ; https://cea.adgstaging.in/wp-content/uploads/2020/04/private-hydro.pdf,GMR/FC docs forestsclearance.nic.in (Holi Khad catchment),3139.6657111763952,3802.7968517541885,201.45967864990234,325.1290283203125,426.4114141277969,637.5405120849609,68.9,81.0,48.0,60.0,40.3,55.0,35.5,355.0,5.1,51.0,44.8,82.0,14.1,29.0,974.9355392456055,1595.2790069580078,477.407048034668,1069.4090270996094,27.883354450944896
rampur,himachal,31.4725,77.6744,49260,31.4725,77.6744,2014,2007,412.0,0,2135.169172,4340,6.0,7.0,IV,49,0,SPLIT,NO,15170,1030,0,large,,167,WB,Low/Unknown,https://openknowledge.worldbank.org/server/api/core/bitstreams/c6d00fd4-fb2f-53e7-aff5-8c828adf0d74/content ;  https://www.worldbank.org/en/news/feature/2007/09/13/rampur-hydropower-project ; https://www.sjvn.nic.in/en/rampur-hps ; https://www.cercind.gov.in/2017/orders/184.pdf;,"World Bank / SJVN DPR (Sutlej above Rampur, downstream of Nathpa)",1122.0078720897436,1381.5318938493729,47.05104351043701,73.50563049316406,123.27602556347847,205.50587272644043,36.375,47.0,11.25,15.0,6.625,9.0,4.0,32.0,0.0,0.0,40.375,71.0,40.75,100.0,297.42860865592957,462.25586700439453,75.863600730896,251.7533721923828,7.66529716201362
malana I,himachal,32.0628,77.2614,84,32.0628,77.2614,2001,1998,86.0,16,397.9160168,322,5.0,2.5,V,61*,24,IR,NO,3100,1878,305,large,24.23,0,BHILWARA,Medium/High (Elevation > 1500m),https://onemine.org/documents/design-and-construction-of-malana-hydroelectric-power-tunnel-india ; https://hpsdma.nic.in/index1.aspx?lsid=70&lev=2&lid=62&langid=1 ; https://cercind.gov.in/2025/ROP/23-TT-2023_201125.pdf ; https://www.lnjbhilwara.com/mpcl.html ; https://www.malanapower.com/mpcl-at-a-glance.aspx?AspxAutoDetectCookieSupport=1 ; https://indiawris.gov.in/wiki/doku.php?id=dams_in_himachal_pradesh ; https://energyinfratech.com/pdf/Malana.pdf ; https://hillpost.in/2013/06/hydro-projects-causing-degeneration-of-hill-ecology-cag-june-5-is-world-environment-day/84583/ ; https://www.bhilwaraenergy.com/hydro-power-generation/,Malana Power / env.clearance.nic.in (Malana nala catchment),1051.115285485983,1359.240879893303,54.956515312194824,75.50466918945312,126.85060352087021,164.92274236679077,32.25,44.0,11.5,19.0,6.75,13.0,4.75,19.0,0.0,0.0,47.0,55.0,20.0,29.0,238.9759111404419,503.3598442077637,63.396921157836914,139.79185485839844,7.873522737722718
malana II,himachal,32.0914,77.2856,60,32.0914,77.2856,2011,2003,100.0,45,739.6134267,868.52,3.75,8.0,V,17.545,25,EPC,NO,5130,2513,,large,38,0,EPPL+ICB,Medium/High (Elevation > 1500m),"https://himachalservices.nic.in/economics/pdf/EconomicSurveyEng2014_15_A1b.pdf ; https://cdm.unfccc.int/Projects/Validation/DB/9IR6FF2PSZYKR6Q155EJSS9FE22BUL/view.html ; https://hpforest.gov.in/storage/files/1/pdf/CAMPA/CAT%20Plan/CAT%20Plan%20Malana-II%20HEP_compressed.pdf ; https://nationalcampa.nic.in/dashboard/APOPDF//66c31ad5bfe16.pdf ; https://aptel.gov.in/sites/default/files/2026-05/430%20of%202019%20%26%20Batch.pdf ; https://webapps.sgs.com/quality-network/full/100%20MW%20Malana%20-%20II,%20Hydro%20%E2%80%93%20Electric%20Power%20Project%20(Malana%20%E2%80%93%20II%20HEP)%20at%20Kullu%20district%20of%20Himachal%20Pradesh%20State,%20India,%20by%20Ms%20Everest%20Power%20Private%20Limited.pdf ;https://www.scribd.com/document/45100303/Traning-Report",CDM/UNFCCC docs / env clearance (Malana nala above Malana-II),984.6346171564526,1321.5324397087097,62.49057261149088,105.78221893310548,121.46964889102512,155.21435546875,29.555555555555557,43.0,12.333333333333334,21.0,7.888888888888889,19.0,5.333333333333333,48.0,0.1111111111111111,1.0,48.22222222222222,94.0,11.555555555555555,18.0,252.04796494377985,556.5258674621582,98.9802008734809,237.04252243041992,8.98753707343618
sainj,himachal,31.7914,77.3011,313,31.7914,77.3011,2017,2010,100.0,24.5,478.5798995,775,4.0,7.0,V,47.99,0,EPC,NO-LD,6300,1752,48*,large,1.8,0,ADB,Medium/High (Elevation > 1500m),https://www.adb.org/sites/default/files/project-documents/41627/41627-043-emr-en_1.pdf ; https://hppcl.in/WriteReadData/userfiles/file/Environment%20Clearance%20Sainj%20HEP.pdf ; https://www.scribd.com/document/248309971/Sainj-Hydr ; ,ADB env monitoring report / HPPCL env clearance (Sainj R catchment),993.5650726407766,1488.1396429538727,51.093472957611084,84.02342224121094,110.19251327216625,187.01038390398026,33.625,48.0,13.25,23.0,8.875,20.0,5.625,45.0,0.0,0.0,55.75,86.0,12.5,22.0,217.85833883285522,655.6414012908936,49.380929470062256,198.7359390258789,9.728911360007604
uhl III,himachal,31.9542,76.8012,338,31.9542,76.8012,2021,1998,100.0,0,740.624238,1165,5.0,23.0,V,0,0,IR,YES,8400,890,0,large,20,,SG+PFC,Low/Unknown,https://npp.gov.in/public-reports/cea/monthly/transmission/tl/2023/DEC/trans1-2023-12.pdf ; http://www.ir.juit.ac.in:8080/jspui/bitstream/123456789/5227/1/Use%20of%20Construction%20Management%20Tools%20in%20the%20Tunneling%20Project%20of%20UHL-%20III%20%28100%20MW%29.pdf ; https://hptenders.gov.in/nicgep/app?component=%24DirectLink&page=FrontEndLatestActiveTenders&service=direct&sp=SuvNwohawcM0r6jN%2By1BhLQ%3D%3D ; https://sandrp.in/2020/05/18/uhl-hydro-project-disaster-needs-independent-probe/ ; https://planning.hp.gov.in/plg_PlanFormulation/Annual_plan_2010-11.pdf ; https://environmentclearance.nic.in/writereaddata/Online/EDS/0_0_13_May_2025_1758283531ComplianceReportThanaPlaunHEP191MWHPPCL.pdf ; https://saiindia.gov.in/uploads/download_audit_report/2014/Himachal_Pradesh_Report_2_2014_Chap_2.pdf ;  https://www.scribd.com/presentation/713854359/Presentation-on-UHL-2 ; ,HPPCL / planning.hp.gov.in (Uhl R above Uhl III),1510.1373882591724,1943.5853345394135,105.19956270853679,249.1043701171875,220.73734119410315,436.28626680374146,46.458333333333336,64.0,23.833333333333332,34.0,17.291666666666668,27.0,13.541666666666666,325.0,0.5416666666666666,13.0,53.458333333333336,93.0,15.041666666666666,31.0,420.0194330215454,910.031852722168,165.48498471577963,476.87528228759766,13.988150257900479
tidong-1,himachal,31.5245,78.3564,313,31.5245,78.3564,2023,2003,150.0,8*,885.2500211,2100*,4.0,20.0,IV,32.17,15,MP,YES,8409,2663,64.5,large,57,0-LA,IFC+ADB+ICB,Medium/High (Elevation > 1500m),https://www.indiawaterportal.org/governance-and-policy/governance/power-play-kinnaur ; https://ewsdata.rightsindevelopment.org/files/documents/14/ADB-46919-014_OtWGQ8M.pdf ; https://www.nslpower.com/Executive_Summary_Tidong-1_HEP_03092011.pdf ; https://cea.nic.in/wp-content/uploads/hpm/2021/11/QPR_106_9th_NOV_.pdf ; https://www.scribd.com/document/141387478/Tidong ; ,ADB-46919 / IFC docs (Tidong Khad catchment),710.3369001490729,1157.0419952869415,43.924185298738024,140.5696563720703,97.27718265283676,281.71851444244385,19.476190476190474,37.0,6.190476190476191,20.0,4.142857142857143,14.0,2.5238095238095237,53.0,0.047619047619047616,1.0,41.095238095238095,80.0,10.238095238095237,20.0,124.19899331955682,585.5726928710938,46.47347150530134,396.5422668457031,6.845835201069542
pong,himachal,31.9631,75.9208,12561,31.9631,75.9208,1974,1961,396.0,133*,216.3460008,325,5.0,13.0,V,0,0,IR,NO,5017,435,1151,large,,20700,SG ,Low/Unknown,https://api.mountainscholar.org/server/api/core/bitstreams/c879b4b7-8c5d-4a5f-b3c0-455958591178/content ; https://indiawris.gov.in/wiki/doku.php?id=beas_unit_-_ii_pong_dam_major_irrigation_project_punjab_ji03099 ; https://bbmb.gov.in/pong-hi.htm,BBMB / Wikipedia (Maharana Pratap Sagar) — Beas above Pong,984.9641236918313,1489.1989855766296,50.99265480041504,83.80697631835938,132.7371620450701,186.29041862487793,33.357142857142854,48.0,12.214285714285714,22.0,7.142857142857143,13.0,4.5,63.0,0.0,0.0,56.714285714285715,84.0,26.428571428571427,67.0,216.95022773742676,532.369945526123,51.368054798671174,184.59722900390625,9.089978728863308
dehar,himachal,31.4125,76.8642,12561,31.4125,76.8642,1977,1961,990.0,76.2,130.7145258,449,7.0,16.0,V,0,0,IR,NO,25460,896,255,mega,3751,,SG,Low/Unknown,https://moef.gov.in/uploads/2019/06/Report-CIAampCCS-of-Beas-sub-basin-in-HP_compressed-1.pdf ; https://bbmb.gov.in/dehar.htm,BBMB — Dehar uses Pong reservoir via Beas-Sutlej link; same Beas catchment,1103.7691476204816,1498.0127791166306,47.39913222369026,69.3961181640625,127.98783659934998,230.94284057617188,37.0,55.0,10.764705882352942,20.0,6.176470588235294,15.0,3.4705882352941178,59.0,0.0,0.0,55.0,95.0,38.470588235294116,87.0,197.19644636266372,555.2139511108398,43.33316960054285,238.25233840942383,8.115949614856483
sawra kuddu,himachal,31.1278,77.7714,852,31.25,77.65,2020,2007,111.0,10.45,717.8482236,2081,5.0,13.0,IV,53,0,IR,YES,11365,1500,0,large,11.3,0-LA,ADB,Low/Unknown,https://cea.nic.in/wp-content/uploads/hpi/2026/04/In_Operation_HEPs__PSPs_as_on_30.04.2026-1.pdf ; https://forestsclearance.nic.in/DownloadPdfFile.aspx?FileName=0_0_121129121512131DetailaboutProject(CheckList-4).pdf&FilePath=../writereaddata/Addinfo/ ; https://www.adb.org/sites/default/files/project-documents/41627/41627-023%2C%2041627-033-emr-en_4.pdf ; https://www.adb.org/sites/default/files/project-documents/41627/41627-023%2C%2041627-033-emr-en_4.pdf ; https://static.pib.gov.in/WriteReadData/specificdocs/documents/2022/apr/doc202242145301.pdf;,HPPCL env docs (Pabbar R above Sawra Kuddu),1039.4564526506833,1424.6176933050156,58.836198806762695,96.89320373535156,133.87584745458193,294.6654357910156,34.214285714285715,46.0,12.5,21.0,7.714285714285714,18.0,4.5,63.0,0.0,0.0,50.142857142857146,90.0,15.428571428571429,28.0,278.101092338562,719.1513175964355,78.55127389090401,210.48607635498047,9.19291872211596
kashang I,himachal,31.5911,78.2714,221,31.71,78.27,2016,2010,243.0,0,759.0169919,1319,4.0,6.5,V,63.5,5,SPLIT,YES,6300,2872,0,large,76,204,ADB,Medium/High (Elevation > 1500m),https://www.hppcl.in/content/602_5_KashangHEP.aspx ; https://www.adb.org/sites/default/files/project-documents//41627-043-ind-semr-05.pdf ; https://hpptcl.com/projects-commissioned-2/ ; https://www.hppcl.in/WriteReadData/userfiles/file/R%20and%20R/2018-3-Resettlement%20Plan%20IKHEP(1).pdf ; https://cag.gov.in/uploads/download_audit_report/2019/Chapter_2_Performance_Audit_Relating_to_Power_Sector_Undertakings_of_Report_No_3_of_2019_PSUs_Economic_Sector_Government_of_Himachal_Pradesh.pdf ; ,HPPCL env clearance (Kashang Khad catchment),802.9522065775735,1046.451140165329,66.4630423954555,185.0338287353516,126.5212881224496,318.63856875896454,23.0,34.0,9.714285714285714,17.0,6.571428571428571,10.0,4.571428571428571,32.0,0.14285714285714285,1.0,45.0,75.0,8.857142857142858,15.0,222.5883889879499,657.8896217346191,39.63313620431082,277.4319534301758,8.122348910466783
kutehr,himachal,32.4812,76.5328,1470,32.76,76.5,2025,2011,240.0,27,1817.966822,1856,6.0,14.0,V,72,0,EPC,YES,21200,1681,193,large,,30,CONSORTIUM,Medium/High (Elevation > 1500m),https://group.jsw.in/sites/default/files/assets/industry/energy/Kutehr-tender/Kutehr%20NIT_Lot_2_Final.pdf ; https://herc.gov.in/WriteReadData/Orders/IO20250827a.pdf ; https://www.indiaratings.co.in/pressrelease/81590 ; https://hpforest.gov.in/storage/files/1/pdf/CAMPA/CAT%20Plan/Kutehr%20Hudro%20Electric%20Project.pdf ; https://hppcb.nic.in/KutherSummary_Eng.pdf ; https://ejatlas.org/print/kuther-hydroelectric-project-hp-india,JSW Energy DPR (upper Ravi above Kutehr),1695.7068271211215,2352.989490866661,91.82739230564663,156.86602783203125,190.75334725209646,287.0962619781494,54.785714285714285,73.0,28.071428571428573,44.0,18.428571428571427,31.0,12.928571428571429,181.0,0.6428571428571429,9.0,45.642857142857146,87.0,17.5,30.0,307.03723171779086,555.451976776123,102.4440531049456,392.5456848144531,13.496245355142525
baspa,himachal,31.4422,78.2256,950,31.5267,78.3028,2003,1993,300.0,13,1124.8648,1612,5.0,10.0,V,49,0,EPC,NO,7.95,2539,61,large,56.7,0,CONSORTIUM,Medium/High (Elevation > 1500m),https://www.jswenergy.in/businesses/power-generation/baspa-ii-plant/ ; https://hpforest.gov.in/storage/files/1/pdf/CAMPA/CAT%20Plan/Basp%20Stage-II.pdf ; https://www.researchgate.net/publication/259086883_300_MW_Baspa_II-India's_largest_private_hydroelectric_facility_on_top_of_a_rock_avalanche-dammed_palaeo-lake_NW_Himalaya_Regional_geology_tectonic_setting_and_seismicity ; https://www.scribd.com/document/983529665/AKUMULACIJE-SEDIMENTACIJA-2#google_vignette ; https://documents1.worldbank.org/curated/en/957671468253830473/pdf/E14650vol-02.pdf ; https://www.powermin.gov.in/static/uploads/2025/08/43e59cec3c4fff5e2d9efae33b156a20.pdf,HBPCL / env clearance (Baspa R catchment),931.9764893163334,1281.027957201004,46.57404916936701,77.1448974609375,117.93460055914792,190.34235954284668,27.90909090909091,46.0,8.454545454545455,14.0,5.2727272727272725,9.0,2.8181818181818183,31.0,0.0,0.0,46.63636363636363,75.0,19.181818181818183,45.0,198.04723046042702,393.3578910827637,54.28488436612216,229.3941192626953,7.159037278267924
Ranjit Sagar Dam (Thein),himachal,32.4414,75.7311,8700,32.62,75.69,2001,1981,600.0,160,109.6381251,3800,9.0,20.0,IV/V,65.96,30,DEPARTMENTAL,NO,4000,540,617,mega,26,816,SG,Low/Unknown,https://www.scribd.com/document/37399636/Mi-Nip ; http://164.100.60.165/Meetings/NRPC_TCC/61NRPC/61NRPC_MN.pdf ;  https://cea.nic.in/wp-content/uploads/hpi/2025/07/In_Operation_Hydro_HEPs_as_on_31.07.2025.pdf ;  https://indiawris.gov.in/wiki/doku.php?id=ranjit_sagar_dam_hydroelectric_project_jh01087 ; http://himachalpr.gov.in/OnePressRelease.aspx?Language=1&ID=46606.,Punjab Irrigation Dept (irrigationapp.punjab.gov.in) — Ravi above Thein,1143.9128711223602,1907.0059195756912,74.35381535121373,172.34092712402344,171.01355915126345,451.32909393310547,36.0,51.0,14.952380952380953,26.0,10.238095238095237,24.0,7.0476190476190474,148.0,0.38095238095238093,8.0,47.285714285714285,87.0,17.714285714285715,38.0,323.9660117739723,1167.7962036132812,120.55050986153739,655.6782608032227,10.11459801834508
ghanvi,himachal,31.5328,77.7511,82,31.72,77.89,2000,1993,32.5,0,112.5576,173,3.0,7.0,V,12.48,5,IR,YES,1400,1943,0,small,,0,SG+PFC,Medium/High (Elevation > 1500m),https://webdocuploader.hpseb.in/uploader/download2.php?link=/portal/noti/A.A.R.%202010-11.pdf ; https://planning.hp.gov.in/plg_PlanFormulation/ANNUAL%20PLAN%202006-07.pdf ; https://documents1.worldbank.org/curated/en/360181468042340258/pdf/E14650VOL-03.pdf ; http://himachalpr.gov.in/OnePressRelease.aspx?Language=1&ID=594 ; https://hppcb.nic.in/Luhari_EIA.pdf ; https://hpaldc.org/TMR/gen/genSchemes.htm,HIMURJA / HP power sector docs (Ghanvi nala catchment),1207.2874039411545,1694.9794273376465,78.04507827758789,165.23484802246094,172.21861616522074,248.75759887695312,36.875,50.0,15.875,26.0,10.875,19.0,7.375,59.0,0.125,1.0,55.625,97.0,15.625,25.0,353.6529746055603,651.9394969940186,104.18086814880371,238.33184814453125,10.166630770030775
larji,himachal,31.7214,77.2258,5498,31.9014,77.13,2007,1988,126.0,26.5,291.0630535,1461,5.0,19.5,V,6.6,0,IR,YES,4400,930,100,large,15.4,0,SG+PFC,Low/Unknown,https://webdocuploader.hpseb.in/uploader/download2.php?link=/portal/petition/Larji_Petition_78_Rev.pdf ; https://cccorpn.com/portfolio/larji-hydro-electric-project-india/ ; https://www.researchgate.net/publication/382356797_Seismo-tectonic_model_of_the_Kullu-Larji-Rampur_window_NW_Himalaya_A_study_based_on_structural_analysis_seismicity_and_localized_stress ; https://hppwd.hp.gov.in/sites/default/files/documents/DM2015.pdf.pdf ;  ; https://www.hpforest.gov.in/storage/files/1/pdf/CAMPA/CAT%20Plan/Lariji.pdf ; https://forestsclearance.nic.in/DownloadPdfFile.aspx?FileName=0_0_21127122712151Jointinspectionreportmandiandkullu.pdf&FilePath=../writereaddata/Addinfo/ ; file:///C:/Users/User/Downloads/Larji_Petition_78_Rev.pdf,HPSEB / env clearance (Beas above Larji),1163.5282120049,1606.9884819984436,54.50780878067017,117.56949615478516,142.92422337532042,261.95049142837524,37.75,57.0,12.5,24.0,7.3,15.0,5.0,100.0,0.05,1.0,53.0,98.0,27.1,76.0,271.68100891113284,625.3224487304688,89.27695293426514,393.34339141845703,8.228629504985149
tehri,uttarakhand,30.3786,78.4811,7293,30.378,78.482,2006,1978,1000.0,260,477.352734,8392,5.0,28.0,V,4705,0,IR+BILATERAL,NO,3660,816,575,mega,200,5291,CG+SG+USSR,Low/Unknown,https://lib.icimod.org/records/b8tjq-e8e90 ; https://www.google.com/search?q=Act+as+an+expert+Hydroelectric+Project+Data+Researcher.+Your+task+is+to+perform+a+deep+web+search+and+compile+a+highly+accurate%2C+verified+technical+profile+for+the+following+project%3A%0A%0AProject+to+Research%3A+tehri%0A%0A%0A%0AStrict+Source+Constraints%3A%0APrioritize+and+cross-reference+data+ONLY+from+highly+reliable+authorities%3A%0A1.+Central+Electricity+Authority+%28CEA%29+reports+or+hydro+executive+summaries+%28cea.nic.in%29%0A2.+PARIVESH+Portal+%2F+Ministry+of+Environment%2C+Forest+and+Climate+Change+%28parivesh.nic.in%29%0A3.+Owner%2FDeveloper+official+websites+or+Detailed+Project+Reports+%28e.g.%2C+NHPC%2C+SJVN%2C+NTPC%29%0A4.+Peer-reviewed+civil+engineering+research+papers+%28ResearchGate%2C+Elsevier%2C+Springer%29+no+wikipedia%0A%0APlease+output+the+gathered+data+in+a+single-row+Markdown+table+matching+these+exact+column+headers%3A%0A%0A%7C+project_name+%7C+state+%7C+installed_cap+%7C+dam_height+%7C+initial_cost+%7C+final_cost+%7C+planned_dur+%7C+actual_dur+%7C+rainfall+%7C+seismic_zone+%7C+forest_area_div+%7C+geological_prob+%7C+dist_road+%7C+contract_type+%7C+contract_retendered+%7C+tunnel_length+%7C+elevation+%7C+dam_length+%7C+category+%7C+transmission_line+%7C+landowners+displaced+%7C+funder+%0A%0AData+Formatting+%26+Rules%3A%0A-+state%3A+Indian+state+where+it%27s+located.%0A-+installed_cap%3A+Total+capacity+in+Megawatts+%28MW%29.%0A-+dam_height%3A+In+meters+%28m%29.%0A-+initial_cost+%26+final_cost%3A+In+INR+Crores+%28indicate+if+it%27s+an+estimate%29.%0A-+planned_dur+%26+actual_dur%3A+In+years.%0A-+rainfall%3A+Average+annual+rainfall+in+mm.%0A-+seismic_zone%3A+Roman+numeral+%28e.g.%2C+IV+or+V%29.%0A-+forest_area_div%3A+Total+forest+area+diverted+%28specify+Hectares%29.%0A-+geological_prob%3A+Short+summary+of+main+issues+%28e.g.%2C+%22yes-landslide%22%2C+%22shear-zone%22%2C+%22water-ingress%22%2C+or+%22no%22%29.%0A-+dist_road%3A+Distance+to+nearest+national%2Fstate+highway+or+major+road+%28km%29.%0A-+contract_type%3A+EPC%2C+Item+Rate+%28IR%29%2C+etc.%0A-+contract_retendered%3A+YES%2C+NO%2C+or+NO-LD+%28Liquidated+Damages%29.%0A-+tunnel_length%3A+Total+length+of+Head+Race+Tunnel+%2F+Tail+Race+Tunnel+in+meters+or+km.%0A-+elevation%3A+River+bed+or+crest+elevation+in+meters+above+mean+sea+level.%0A-+dam_length%3A+Crest+length+in+meters+%28m%29.%0A-+category%3A+Large%2C+Mega%2C+Small%2C+etc.%0A-+transmission_line%3A+Length+of+evacuation+lines+in+km.%0A%0AImportant+Note+on+Uncertainty%3A+%0AIf+a+value+is+provisional%2C+highly+debated+between+sources%2C+or+an+estimate%2C+mark+it+with+an+asterisk+%28*%29+and+provide+a+brief+footnote+explaining+the+discrepancy+below+the+table.+If+a+specific+field+cannot+be+verified+through+official+documentation%2C+leave+it+as+%27N%2FA%27.+Do+not+hallucinate+data.+provide+links+adjacent+to+all+your+data+for+every+data+colleceted+sources+are+most+important&sourceid=chrome&ie=UTF-8&aep=48&cud=0&qsubts=1781762312102&source=chrome.crn.obic&mstk=AUtExfASlX_L6ZWXA9Qw_PEU_0fLPfD-NgnKLoSHzSxdzwqkL4-ltK7ziydzc2lXS6FZcSVX1FLHdG4UGoe41aXP9KPBCQv7tbhBa-_dY04im4g3BRE9_bjdAepCFIc2x_XAZ2ldwn4lDGl0S3fHfzLcW9727KKrYz4CDQL_9MuFcZ9sJkIpq9rfuQmqjA0R9duzpbYC-v62KWMnvjszJw_U6X1t-MJjy2E6dePi31h9U6DznWODn_NGBJkcJw&csuir=1&udm=50 ; https://www.igs.org.in/time-capsule/geological-and-geotechnical-aspects-and-challenges-during-construction-of-the-tehri-hydropower-project ;  https://www.hydropower.org/sediment-management-case-studies/india-tehri ; https://uktenders.gov.in/nicgep/app?component=%24DirectLink&page=FrontEndLatestActiveTenders&service=direct&sp=SszHvQ7GjbD%2BAohbU9rYoZQ%3D%3D ; https://www.uttarakhandirrigation.com/design-main-designs-carried-out ; ,CWE Journal / THDC (CWC data) — Bhagirathi above Tehri dam,1351.2155954056773,2052.8765227794647,69.89852254144077,166.97007751464844,160.97457992157032,342.9964623451233,44.827586206896555,68.0,17.93103448275862,33.0,11.689655172413794,25.0,8.137931034482758,236.0,0.1724137931034483,5.0,57.172413793103445,98.0,33.86206896551724,74.0,298.0249583803374,810.3336601257324,100.66895425730738,404.70772552490234,10.51388577052982
koteshwar,uttarakhand,30.2814,78.6828,7691,30.43,78.53,2011,2000,400.0,97.5,1572.92587,2717,5.0,11.5,IV/V,87,0,IR,YES,593,612,300,large,38.55,0,CG+DEBT,Low/Unknown,https://www.researchgate.net/publication/338620616_Landslide_Risk_Mapping_of_Koteshwar_Reservoir_Rim_Region ; https://forestsclearance.nic.in/DownloadPdfFile.aspx?FileName=6111912131213LNJHGCBA.pdf&FilePath=../writereaddata/FormA/Wildlife/ ; https://www.researchgate.net/publication/377889924_Geological_and_Geotechnical_Problems_Encountered_during_Construction_of_Butterfly_Valve_Chamber_and_Penstock_Assembly_Chamber_of_Tehri_Pumped_Storage_Plant ; https://documents1.worldbank.org/curated/en/825981468044349058/pdf/502980PAD0P0960e0only0900BOX361487B.pdf ; https://www.researchgate.net/publication/349768071_Landslide_Susceptibility_Zonation_Mapping_Of_Koteshwar_Reservoir_Area_Using_Modified_Bis_Code_And_Ahp_Methods ; https://thdc.co.in/sites/default/files/2022-09/rehab-tehri.pdf;,Wikipedia citing THDC DPR — Bhagirathi above Koteshwar (below Tehri),1244.3909539282322,1719.3716996908188,70.33695443471272,150.34197998046875,155.01956009864807,244.16174793243408,40.833333333333336,54.0,17.0,25.0,12.0,20.0,7.833333333333333,94.0,0.08333333333333333,1.0,55.583333333333336,98.0,23.25,36.0,325.1251947085063,758.9283103942871,105.28505102793376,264.7142524719238,10.560602154977925
dhauli ganga,uttarakhand,29.9744,80.6014,2157,30.068,80.542,2005,1996,280.0,56,617.7265222,1749,8.0,9.0,V,176.5,0,IR+SPLIt,NO,5395,1348,315,large,330,0,JICA,Low/Unknown,http://164.100.60.165/meetings/TEST/TEST29/TEST29_AG.pdf ; https://cercind.gov.in/2022/orders/284-GT-2020.pdf ; https://www.greentribunal.gov.in/sites/default/files/news_updates/1726633662.pdf ; https://www2.jica.go.jp/en/evaluation/pdf/2011_ID-P107_4_f.pdf,NHPC env clearance (Dhauliganga above Khet-Tawaghat),2421.379965531826,3647.4426995515823,100.7199951171875,177.26593017578125,241.77620275020598,416.2953071594238,74.1,104.0,39.8,68.0,29.1,49.0,22.2,222.0,1.0,10.0,48.8,87.0,34.4,58.0,725.031169128418,1731.8706512451172,228.16347122192383,773.9095306396484,16.229088240829935
tanakpur,uttarakhand,29.0714,80.1128,12792,29.075,80.11,1992,1984,94.2,26.3,198.6009821,379,5.0,8.0,IV/V,163.5,2,IR,NO,0,246,475,large,44.57,0,CG,Low/Unknown,https://uppcl.org/uppcl-pdf/PPA-Salal-Tanakpur-Chamera_070919.pdf ; https://www.nhpcindia.com/assests/pzi_public/pdf_link/6450a73eb860b.pdf ; https://cercind.gov.in/160606/76_2005.pdf ;  https://www.nhpcindia.com/assests/pzi_public/gallery/16889691701.pdf ; https://www.uttarakhandirrigation.com/tanakpur ; https://www.nhpcindia.com/welcome/project_detail/8/2.html;,NHPC / CWC Sharda basin data (Sharda/Mahakali above Tanakpur),1316.8027320570416,1811.6618304252625,116.67023849487305,208.4765167236328,254.38727037111917,419.6341052055359,36.888888888888886,49.0,18.77777777777778,29.0,13.777777777777779,19.0,10.444444444444445,94.0,0.6666666666666666,6.0,55.666666666666664,90.0,20.333333333333332,29.0,390.0538092719184,756.9050331115723,153.11334906684027,342.64894104003906,11.863087676189563
maneri bhali ,uttarakhand,30.7325,78.4514,4693,30.8014,78.5014,2008,1976,304.0,39,4189.140207,1714,6.0,32.0,V,104.5,0,IR,YES,16000,1093,127,large,63,785,PFC,Low/Unknown,https://cag.gov.in/webroot/uploads/download_audit_report/2009/Uttarakhand_Performance_Audit_2009.pdf ; https://sbb.uk.gov.in/about-department/about-uttarakhand/ ; https://moef.gov.in/uploads/2017/06/Chapter%20F%20-%20Energy.pdf ;https://cdnbbsr.s3waas.gov.in/s3cf05968255451bdefe3c5bc64d550517/uploads/2025/04/2025043089272476.pdf ; https://cdnbbsr.s3waas.gov.in/s3cf05968255451bdefe3c5bc64d550517/uploads/2026/01/20260108183888341.pdf,CWE Journal / UJVNL (Bhagirathi above Maneri Bhali I dam),1432.6862928469975,2279.1385164260864,65.86570098183371,165.85406494140625,157.16600209293944,351.4263381958008,49.21212121212121,76.0,19.636363636363637,39.0,12.909090909090908,26.0,8.363636363636363,276.0,0.18181818181818182,6.0,55.121212121212125,98.0,34.60606060606061,65.0,303.4367694276752,868.4279747009277,98.79275767008464,538.0687866210938,10.452940009717205
ramganga,uttarakhand,29.5214,78.7611,3134,29.535,78.988,1974,1961,198.0,128,15.60417212,172,10.0,13.0,V,,3,IR,NO,1262,365,630,large,73,0,SG,Low/Unknown,https://scholarsmine.mst.edu/cgi/viewcontent.cgi?article=1099&context=icchge ; https://www.uttarakhandirrigation.com/hydroelectric-projects-on-ramganga ; https://cea.nic.in/wp-content/uploads/2020/05/exe_summary-06-7.pdf ; https://cea.nic.in/wp-content/uploads/he___td/2025/03/Final_QPR_Oct_Dec24.pdf ; https://nmcg.nic.in/pdf/Ramganga_RBM_Plan-merged.pdf ; https://www.scribd.com/document/540147485/CASE-STUDY-RAMGANGA-DAM#google_vignette ; https://cea.nic.in/ ; https://ramganga.org.in/history-of-organization.php;,CWC / Upper Ganga Basin Org (cwc.gov.in) — Ramganga above Kalagarh,1081.269734791347,1550.6879239082336,108.64476830618722,156.06829833984375,214.16491637911116,343.38962519168854,30.214285714285715,45.0,15.357142857142858,23.0,11.928571428571429,18.0,9.285714285714286,130.0,1.0,14.0,76.21428571428571,110.0,12.714285714285714,24.0,268.95812552315846,595.8574676513672,67.19781276157924,264.10284423828125,14.625870808771843
tiloth,uttarakhand,30.7411,78.4422,25920,30.128,77.86,1984,1973,90.0,39,18.79089828,79.34,5.0,11.0,V,,0,IR,NO,8630,1275,127,large,12,0,SG,Low/Unknown,https://moef.gov.in/uploads/2017/06/Chapter%20F%20-%20Energy.pdf ; https://cea.nic.in/wp-content/uploads/he___td/2025/03/Final_QPR_Oct_Dec24.pdf ; https://ujvnl.com/document/essd-maneri-dam-feb-2021-draft-25-2-2021.pdf ; https://moef.gov.in/uploads/2017/06/Chapter%20F%20-%20Energy.pdf ; https://ujvnl.com/document/tarrif-petitions-mb1-2018-annexure-1.pdf ; https://www.casemine.com/judgement/in/63940e209a341c7fcf9c5739 ; https://moef.gov.in/uploads/2017/06/Chapter%20F%20-%20Energy.pdf ; https://www.uttarakhandirrigation.com/maneri-bhali ; https://mospi.gov.in/sites/default/files/publication_reports/FR_Mar_2024.pdf,UJVNL operational data (Yamuna above Tiloth/Dakpathar),1127.023638933897,1708.9280017614365,45.605247020721436,89.02596282958984,110.07622080047925,220.20263671875,37.5,58.0,8.916666666666666,21.0,5.583333333333333,17.0,3.0833333333333335,37.0,0.0,0.0,46.083333333333336,69.0,50.0,99.0,199.63898833592734,716.197416305542,52.024187088012695,379.89014434814453,7.439099926956416
vyasi,uttarakhand,30.5214,77.8711,24780,30.358,77.97,2022,2013,120.0,86,152.3518679,1307,5.75,8.6,IV,768.155,0,EPC,YES,2700,631,204,large,71,335,PFC,Low/Unknown,https://www.pib.gov.in/PressReleasePage.aspx?PRID=1544111&reg=48&lang=2 ; https://cea.nic.in/wp-content/uploads/hepr/2022/03/State_Power_3.pdf ;  https://parivesh.nic.in/utildoc/22300132_1699353939812.pdf ; https://ujvnl.com/document/Petition%20for%20approval%20of%20Provisional%20Tariff%20for%20Vyasi%20Hydro%20Power%20Project%20(2x60%20MW)_18.10.2022.pdf ; https://cdnbbsr.s3waas.gov.in/s35679fb79d04e9ed91e292858c54df4e8/uploads/2025/10/20251013426679284.pdf ; https://environmentclearance.nic.in/DownloadPfdFile.aspx?FileName=yp66tKwguLNoYWTKbeDynqS8T5qyTBXcxQDKGxgKiwXPg8Q4+5sFQ7qSIrSxOsj6&FilePath=93ZZBm8LWEXfg+HAlQix2fE2t8z/pgnoBhDlYdZCxzWF1OLE6RXe5MiAhSH8vdQ1 ; https://ptcul.org/transmission-lines-completed-project ; https://www.uttarakhandirrigation.com/lakhwar-vyasi-project ; https://parivesh.nic.in/utildoc/22300132_1699353939812.pdf ; https://www.pfcindia.co.in/ensite/Home/VS/4;,UJVNL DPR (Yamuna above Vyasi/Juddo),1154.1542294502258,1550.8672633171082,59.619416046142575,121.26455688476562,142.42451310157776,269.2448196411133,36.8,54.0,13.9,19.0,8.1,13.0,5.1,51.0,0.1,1.0,46.5,80.0,31.6,44.0,246.489422416687,552.3832015991211,62.25219039916992,198.30725860595703,8.671331551091104
madhyamaheshwar,uttarakhand,30.6412,79.1311,73,30.58,79.19,2023,2012,15.0,3.5,95.03867191,114.5,4.0,11.0,V,4.85,0.5,TURNKEY,YES,298,1823,21,small,14,0,UJVN,Medium/High (Elevation > 1500m),https://nmcg.nic.in/writereaddata/fileupload/ngtmpr/1_Uttarakhand%20-%20MPR%20Feb%202025.pdf ; https://www.scribd.com/doc/205672765/MM-layout ; https://ujvnl.com/tenders-archieve ; https://ujvnl.uk.gov.in/operational-plants/ ;,UJVNL SHP data (Madhyamaheshwar R catchment),1572.097321420908,2006.712076306343,77.4215259552002,103.7229232788086,169.04257146269083,223.7970781326294,52.75,65.0,25.333333333333332,38.0,17.666666666666668,30.0,12.333333333333334,148.0,0.08333333333333333,1.0,51.583333333333336,80.0,22.083333333333332,47.0,486.0644515355428,899.3230209350586,173.52235253651938,411.1219291687012,12.703816738754812
singoli bhatwari,uttarakhand,30.4914,79.0511,1324,30.598,79.108,2020,2008,99.0,24.5,873.6062168,1696.93,4.0,12.0,IV,16.81,0.2,EPC,NO,11.89,12945,127,large,91.47,194,RENEWJAL,Medium/High (Elevation > 1500m),https://www.powermin.gov.in/static/uploads/2025/08/92b258b7c181f23a14b7fa4ee8e9f042.pdf ; https://environmentclearance.nic.in/writereaddata/modification/previousTOR/210420173X10Q5LRFORM.pdf ;  https://cea.nic.in/wp-content/uploads/ptcc_route_app/2020/07/UTR-26.pdf ; https://cea.nic.in/wp-content/uploads/hpi/2026/04/In_Operation_HEPs__PSPs_as_on_30.04.2026-1.pdf ; https://ptcul.org/document/business_plan_of_ptcul.pdf ;  https://www.cercind.gov.in/2024/orders/478-TT-2020.pdf,L&T / env clearance (Mandakini above Singoli Bhatwari),1095.7807448277106,1616.868017077446,68.35489302415114,138.85179138183594,145.52976373525766,248.27159214019775,35.46153846153846,56.0,16.0,23.0,10.923076923076923,16.0,8.153846153846153,106.0,0.07692307692307693,1.0,57.84615384615385,90.0,13.076923076923077,28.0,298.0861402658316,610.4470710754395,89.0953615628756,355.58544540405273,10.924194541994048
Tapovan Vishnugad,Uttarakhand,30.4925,79.6311,3100,30.578,79.62,2025,2010,520.0,22,4080.118084,7000*,5.0,15.0,V,157,2,EPC,YES,12000,1800*,200*,Mega,50*,52*,ADB/NTPC,High (History/Prone),https://ntpc.co.in/power-generation/hydro-stations,NTPC DPR via Power-Technology.com (Dhauliganga above Tapovan),1557.0223857402802,1960.9372022151947,80.42723897298177,187.1902008056641,180.6580295443535,328.11077880859375,52.666666666666664,65.0,24.6,34.0,16.866666666666667,28.0,10.933333333333334,164.0,0.26666666666666666,4.0,50.333333333333336,83.0,28.533333333333335,53.0,548.4676005045573,974.6461067199707,214.135942586263,460.21926498413086,12.032630492583309
Vishnugad Pipalkoti,Uttarakhand,30.4311,79.4325,12100,30.4758,79.4317,2026,2016,444.0,65,2847.769777,3860,5.0,10.0,V,80,1,EPC,NO,13400,1260*,114*,Large,30*,265,WB,Low/Unknown,https://thdc.co.in/en/projects/hydro/vishnugad-pipalkoti-he-project,THDC DPR / World Bank (Alaknanda above Vishnugad Pipalkoti),1283.6738906701405,1501.747730731964,51.15513949924045,119.74386596679688,119.76075831055641,174.11444473266602,45.22222222222222,50.0,14.777777777777779,21.0,9.333333333333334,15.0,4.777777777777778,43.0,0.1111111111111111,1.0,52.77777777777778,86.0,39.0,62.0,314.9995409647624,510.2532329559326,68.4817869398329,253.62340927124023,9.082598283043447
Shrinagar,Uttarakhand,30.2214,78.8028,7589,30.2214,78.7917,2015,2005,330.0,90,1870.7666,4500,6.0,10.0,IV,330,0,EPC,YES,0*,600*,248,Large,20*,350*,CONSORTIUM,Low/Unknown,http://www.gvk.com/ourbusiness/energy/energy.aspx,GVK env clearance (Alaknanda above Shrinagar),1196.3890747373755,1689.865690112114,79.26369927146219,158.4005584716797,172.4599976756356,272.9304552078247,38.09090909090909,52.0,16.545454545454547,26.0,11.181818181818182,19.0,8.363636363636363,92.0,0.18181818181818182,2.0,50.63636363636363,83.0,22.636363636363637,32.0,331.7476237903942,702.0891380310059,87.20977089621805,226.15553283691406,10.976046557223627
Naitwar Mori,Uttarakhand,31.0614,78.0525,1768,30.9867,78.2517,2023,2017,60.0,30.5,680.4,1100,4.0,6.0,IV,45,5,EPC,NO,4300,1400*,50*,Large,37,12*,PFC+SJVN,Low/Unknown,https://sjvn.nic.in/index.php/en/naitwar-mori-hps,SJVN DPR (Tons R above Naitwar Mori),1124.451332773481,1464.2546812295914,61.50941440037319,95.75325775146484,150.513519687312,335.743709564209,38.714285714285715,48.0,13.714285714285714,17.0,9.0,16.0,5.857142857142857,41.0,0.0,0.0,44.57142857142857,73.0,16.142857142857142,32.0,267.0493368421282,600.741886138916,94.78077806745257,455.0773010253906,9.49476396793048
Lata Tapovan,Uttarakhand,30.4914,79.7111,3350,30.7267,79.6783,2026,2016,171.0,35,1766.459563,2500,5.0,10.0,V,46,2,EPC,NO,7500,2000*,80*,Large,15*,10*,NTPC,High (History/Prone),https://ntpc.co.in/power-generation/hydro-stations,NTPC env clearance (Dhauliganga above Lata Tapovan),1629.3691557645798,1960.9372022151947,64.21478017171223,129.94387817382812,163.76992683940463,247.59222030639648,56.55555555555556,65.0,25.0,31.0,17.0,24.0,11.444444444444445,103.0,0.2222222222222222,2.0,46.0,79.0,33.55555555555556,53.0,547.2818012237549,839.9310894012451,172.48266050550671,396.441349029541,11.722080257299135
Lakhwar,Uttarakhand,30.5228,77.9214,2912,30.7517,78.1033,2027,2017,300.0,204,4456.1976,5747,6.0,10.0,IV,768,1,EPC,YES*,3000*,650*,350*,Mega,40*,200*,CG+SG,Low/Unknown,https://ujvnl.com/document/corri3-eio12-27-5-2019.pdf,UJVNL DPR / CWC (Yamuna above Lakhwar dam near Lohari),1620.4751234203577,1995.0140351057053,92.4806170463562,133.5799560546875,211.93602810800076,449.5363578796387,50.5,62.0,25.125,32.0,18.375,21.0,14.5,116.0,0.625,5.0,58.125,85.0,22.375,31.0,447.1881408691406,751.9837608337402,214.74820232391357,398.8065490722656,13.617438011935779
Kishau,Uttarakhand,30.6314,77.8125,4595,30.6667,77.8833,2028,2018,660.0,236,10600.0,12000*,8.0,10.0,IV,2000*,10,EPC,NO*,2000*,800*,500*,Mega,50*,500*,CG+SG,Low/Unknown,https://ujvnl.com/tenders/tenders/tender_10272.pdf,UJVNL DPR (Tons R above Kishau),1510.0971673556737,1940.4182710647583,83.84430694580078,132.01255798339844,197.581812109266,444.48031997680664,48.142857142857146,56.0,22.571428571428573,28.0,14.857142857142858,19.0,10.714285714285714,75.0,0.42857142857142855,3.0,51.42857142857143,75.0,28.285714285714285,53.0,367.89159556797574,779.7089729309082,148.2571258544922,401.04931640625,12.19224933274477
Phata Byung,Uttarakhand,30.5611,79.0414,1125,30.5367,79.1683,2025,2013,76.0,26,506.877733,800,5.0,12.0,V,25,1,EPC,YES,3000*,1600*,60*,Large,15*,5*,LANCO+BANKS,Medium/High (Elevation > 1500m),https://cea.nic.in/hydro-project-monitoring-division/?lang=en,Lanco env clearance (Mandakini above Phata Byung),1190.0951304336388,1411.091129541397,59.522215843200684,106.87744903564452,135.85925016800562,266.3366198539734,39.416666666666664,46.0,16.166666666666668,23.0,10.083333333333334,18.0,7.083333333333333,85.0,0.08333333333333333,1.0,55.75,86.0,21.916666666666668,46.0,296.38396151860553,529.5772132873535,68.21955172220866,213.37658309936523,9.917459420280323
Chibro,Uttarakhand,30.5514,77.8025,4775,30.5533,77.7733,1975,1965,240.0,59.25,233.28,500,6.0,10.0,IV,100*,5,IR,NO*,6200,652,155,Large,20*,100*,SG,High (History/Prone),https://ujvnl.com/document/tarrif-petitions-chibro-2018.pdf,UJVNL operational data (Tons R above Ichari/Chibro),1456.805063843727,2061.5292724370956,84.88413169167258,152.95191955566406,213.1324000954628,428.96543884277344,45.36363636363637,58.0,20.727272727272727,30.0,15.181818181818182,24.0,11.818181818181818,130.0,0.18181818181818182,2.0,62.18181818181818,85.0,27.727272727272727,51.0,444.8977851867676,1088.7745513916016,182.34471130371094,589.8132934570312,13.243682398579338
Khodri,Uttarakhand,30.5014,77.7911,18040,30.365,77.8433,1975,1967,120.0,0,116.64,300,4.0,8.0,IV,50*,5,IR,NO*,6000,500*,0,Large,10*,20*,SG,Low/Unknown,https://ujvnl.com/document/tarrif-petitions-khodri-2018-annexure-1.pdf,UJVNL — Khodri uses Yamuna; catchment = Yamuna above Dakpathar,1142.0557596551048,1471.9125527143478,54.38750881618924,71.273681640625,149.9860030280219,219.369215965271,38.0,54.0,13.222222222222221,18.0,9.0,14.0,6.0,54.0,0.0,0.0,62.888888888888886,85.0,43.666666666666664,74.0,256.3317805396186,549.7366199493408,40.73210906982422,184.89939880371094,8.876081033588896
chilla,uttarakhand,29.9714,78.2211,23100,30.1142,78.2658,1980,1973,144.0,7,15.0,97.76,6.0,7.0,IV/V,0,1,IR,NO,14300,249,565,Large,,0,SG,Low/Unknown,"Barrage on Ganga at Rishikesh, very low head 33m, well-documented. Initial cost Rs15cr est, final Rs97.76cr per Irrigation Dept. Planned 6yr, actual 7yr.",UJVNL / CWC — Chilla draws from Ganga+Alaknanda+Bhagirathi at Rishikesh,1011.0958337932825,1592.893199801445,59.152873039245605,114.5959930419922,142.15574572235346,231.73436814546585,31.875,47.0,11.25,20.0,7.375,18.0,5.625,45.0,0.125,1.0,67.25,84.0,46.0,97.0,243.47298216819763,721.6994781494141,63.779436111450195,375.15288162231445,8.937863724139515
vishnuprayag,uttarakhand,30.5628,79.5714,7090,30.5633,79.58,2006,1997,400.0,28,1154.0,2847,7.0,9.0,V,80,0,BOOT,NO,1100,1800,85,Large,,50,private,High (History/Prone),"JP Associates, BOO. Initial cost Rs1154cr (March 1996 estimate), CEA cleared at Rs1614.66cr, final ~Rs2847cr. MOU 1992, commissioned Oct 2006.",Jaypee env clearance (Alaknanda above Vishnuprayag),1058.217232656479,1383.3326737880707,43.405639266967775,73.98709869384766,99.74050436019897,133.77006149291992,34.9,46.0,10.5,16.0,5.8,9.0,3.1,31.0,0.0,0.0,43.3,74.0,29.3,44.0,183.4600799560547,320.0048885345459,55.59611854553223,193.89447021484375,7.684947223358598
maneri_bhali_I,uttarakhand,30.7411,78.4422,4693,30.8014,78.5014,1984,1973,90.0,39,19.0,79.34,7.0,11.0,V,10,0,IR,NO,8600,1093,127,Large,,100,SG,Low/Unknown,"Stage I, commissioned 1984. Initial ~Rs19cr estimate, final Rs79.34cr per Irrigation Dept. Tunnel had face collapse, water ingress, squeezing documented.",UJVNL / CWE Journal (same dam as maneri bhali I),1460.0226360559464,2279.1385164260864,62.85838254292806,107.10066223144533,151.77862145503363,251.00884628295898,51.416666666666664,76.0,19.5,39.0,12.583333333333334,26.0,8.0,96.0,0.16666666666666666,2.0,56.75,91.0,43.75,87.0,271.1126073201497,868.4279747009277,111.93597094217937,538.0687866210938,10.466112086422555
Luhri Stage 1,himachal,31.3325,77.4214,50000,31.5767,77.3833,2025,2020,210.0,80,1810.0,1810,5.0,5.0,IV,,,EPC,NO,,863,,Large,,,Central,Low/Unknown,"On Satluj river. Approved recently (2020), under construction.","Derived: total Satluj basin catchment is 51,600 sq km (Himdhara ""State of Rivers - Himachal Pradesh"" 2017, citing Govt of HP/HIMURJA data); Luhri Stage-1 is downstream of Nathpa Jhakri (49,820 sq km) and Rampur, so catchment must be close to full basin figure. The previously estimated 30,000 sq km is physically inconsistent (catchment cannot decrease moving downstream) and is corrected here.",1097.3647241830827,1349.6332391500473,47.512942504882815,91.67838287353516,125.38434104919433,259.8862886428833,35.6,38.0,9.2,12.0,5.0,8.0,3.0,15.0,0.0,0.0,43.6,71.0,40.6,69.0,229.06531867980956,388.8564109802246,102.40916900634765,275.0125389099121,7.610018891699601
Maneri Bhali Ii,uttarakhand,30.7325,78.4514,4693,30.7236,78.4425,2008,1976,304.0,81,73.0,1900,6.0,32.0,IV,,,IR,YES,16000,1050,75,Large,,,SG,Low/Unknown,Dharasu project. Work suspended for over a decade due to fund constraints and geological issues.,UJVNL (Bhagirathi above Maneri Bhali II diversion at Uttarkashi),1432.6862928469975,2279.1385164260864,65.86570098183371,165.85406494140625,157.16600209293944,351.4263381958008,49.21212121212121,76.0,19.636363636363637,39.0,12.909090909090908,26.0,8.363636363636363,276.0,0.18181818181818182,6.0,55.121212121212125,98.0,34.60606060606061,65.0,303.4367694276752,868.4279747009277,98.79275767008464,538.0687866210938,10.452940009717205
Giri Bata,himachal pradesh,30.6114,77.4725,2317,30.8467,77.4317,1978,1968,60.0,20,9.0,17,4.0,10.0,IV,,,IR,NO,7000,500,,Large,,,SG,Low/Unknown,First major project by HPSEB. Tunneling faced severe squeezing ground conditions.,HPSEB / HP Power Dept (Giri R above Giri Bata),1310.7019269791517,1730.4656975269318,96.1109750921076,178.78672790527344,215.19194463166323,330.2483129501343,39.09090909090909,55.0,21.181818181818183,30.0,15.727272727272727,21.0,11.454545454545455,126.0,0.5454545454545454,6.0,67.63636363636364,85.0,15.545454545454545,25.0,342.44797446511006,705.0751533508301,98.48404901677912,522.2233734130859,14.28911912464883
Shongtong Karcham,himachal pradesh,31.5114,78.2725,48755,31.51,78.02,2026,2016,450.0,,2800.0,4500,5.0,10.0,IV,,,EPC,NO,8000,1900,,Large,,,SG,Medium/High (Elevation > 1500m),"Run of river on Satluj. Under construction, faced delays.","Same Sutlej reach as Karcham Wangtoo (immediately upstream); JSW/Tribune-sourced figure of 48,755 sq km used as best available proxy since Shongtong-Karcham is only ~few km upstream",1094.364055858718,1272.1033382415771,41.92420429653592,64.58000183105469,103.63741791248322,233.80447006225586,36.44444444444444,43.0,8.88888888888889,12.0,4.222222222222222,7.0,2.111111111111111,19.0,0.0,0.0,44.44444444444444,79.0,38.77777777777778,55.0,239.5145017835829,422.9332904815674,59.82390679253472,225.90016555786133,7.236793903547731
